{"_runtime": 68.27643942832947, "_step": 3, "_timestamp": 1593330120.5869312, "Train Loss": 134.93011173502603, "Images": {"width": 242, "height": 392, "format": "png", "count": 1, "_type": "images", "captions": ["Images for epoch: 2"]}}
