{"Train Loss": 160.1613740559896, "_runtime": 28.200388193130493, "_timestamp": 1593329743.0405238, "_step": 1}
