{"_step": 50, "_timestamp": 1593331126.534867, "Images": {"width": 242, "height": 392, "format": "png", "count": 1, "_type": "images", "captions": ["Images for epoch: 50"]}, "_runtime": 956.7766246795654, "Train Loss": 123.17802848307292}
