{"_step": 1, "Train Loss": 159.47599884440103, "_timestamp": 1593328686.6925957, "_runtime": 42.67963480949402}
