{"_runtime": 27.02224850654602, "_step": 1, "Train Loss": 162.38232185872397, "_timestamp": 1593329873.7155406}
