{"_runtime": 27.08519220352173, "_step": 1, "_timestamp": 1593330032.8612595, "Train Loss": 160.69695424804686}
