{"_runtime": 27.38565993309021, "_timestamp": 1593328992.706867, "Train Loss": 159.66571617838542, "_step": 1}
