{"_step": 1, "_timestamp": 1593329815.7351737, "_runtime": 27.95827841758728, "Train Loss": 160.2652808919271}
